epoch,p1x,p1y,p1z,p2x,p2y,p2z
1,8.0,11.0,3.0,23.0,18.0,29.0
2,8.0,11.0,3.0,23.0,18.0,29.0
3,23.0,19.0,29.0,8.0,11.0,3.0
4,8.0,11.0,3.0,23.0,19.0,29.0
5,8.0,11.0,3.0,23.0,19.0,29.0
6,8.0,11.0,3.0,23.0,18.0,29.0
7,8.0,12.0,3.0,23.0,18.0,29.0
8,8.0,11.0,3.0,23.0,19.0,29.0
9,23.0,19.0,29.0,8.0,11.0,3.0
10,8.0,11.0,3.0,23.0,19.0,29.0
11,8.0,11.0,3.0,23.0,19.0,29.0
12,23.0,19.0,29.0,8.0,11.0,3.0
13,8.0,11.0,3.0,23.0,19.0,29.0
14,23.0,18.0,29.0,8.0,11.0,3.0
15,8.0,11.0,3.0,23.0,19.0,29.0
16,8.0,11.0,3.0,23.0,19.0,29.0
17,23.0,18.0,29.0,8.0,11.0,3.0
18,8.0,11.0,3.0,23.0,19.0,29.0
19,23.0,19.0,29.0,8.0,11.0,3.0
20,8.0,11.0,3.0,23.0,19.0,29.0
21,8.0,11.0,3.0,23.0,19.0,29.0
22,8.0,11.0,3.0,23.0,19.0,29.0
23,8.0,11.0,3.0,23.0,19.0,29.0
24,8.0,11.0,3.0,23.0,19.0,29.0
25,8.0,11.0,3.0,23.0,19.0,29.0
26,23.0,19.0,29.0,8.0,11.0,3.0
27,8.0,11.0,3.0,23.0,19.0,29.0
28,8.0,11.0,3.0,23.0,19.0,29.0
29,8.0,11.0,3.0,23.0,19.0,29.0
30,23.0,19.0,29.0,8.0,11.0,3.0
31,23.0,19.0,29.0,8.0,11.0,3.0
32,8.0,11.0,3.0,23.0,19.0,29.0
33,21.0,19.0,30.0,10.0,11.0,2.0
34,10.0,11.0,2.0,21.0,19.0,30.0
35,13.0,11.0,1.0,18.0,19.0,31.0
36,17.0,9.0,2.0,13.0,21.0,30.0
37,13.0,10.0,2.0,17.0,19.0,31.0
38,14.0,10.0,2.0,15.0,20.0,31.0
39,14.0,11.0,1.0,17.0,19.0,31.0
40,13.0,11.0,1.0,19.0,19.0,30.0
41,13.0,11.0,1.0,18.0,19.0,31.0
42,13.0,11.0,1.0,18.0,19.0,31.0
43,14.0,11.0,1.0,16.0,19.0,31.0
44,13.0,13.0,1.0,17.0,17.0,31.0
45,13.0,12.0,1.0,17.0,17.0,31.0
46,13.0,15.0,1.0,17.0,14.0,31.0
47,13.0,16.0,1.0,17.0,14.0,31.0
48,15.0,16.0,1.0,14.0,13.0,31.0
49,14.0,13.0,1.0,16.0,16.0,31.0
50,15.0,16.0,1.0,14.0,14.0,31.0
51,14.0,14.0,1.0,15.0,16.0,31.0
52,13.0,16.0,1.0,16.0,13.0,31.0
53,14.0,16.0,1.0,15.0,13.0,31.0
54,14.0,14.0,1.0,16.0,15.0,31.0
55,14.0,14.0,1.0,16.0,16.0,31.0
56,14.0,14.0,1.0,16.0,15.0,31.0
57,14.0,16.0,1.0,15.0,13.0,31.0
58,13.0,15.0,1.0,16.0,13.0,31.0
59,13.0,14.0,1.0,17.0,15.0,31.0
60,13.0,14.0,1.0,16.0,16.0,31.0
61,14.0,14.0,1.0,15.0,16.0,31.0
62,14.0,13.0,1.0,15.0,17.0,31.0
63,14.0,16.0,1.0,16.0,13.0,31.0
64,16.0,14.0,1.0,14.0,16.0,31.0
65,14.0,13.0,1.0,16.0,16.0,31.0
66,14.0,13.0,1.0,15.0,17.0,31.0
67,13.0,15.0,1.0,16.0,13.0,31.0
68,16.0,14.0,1.0,14.0,16.0,31.0
69,14.0,16.0,1.0,15.0,13.0,31.0
70,14.0,16.0,1.0,15.0,13.0,31.0
71,14.0,17.0,1.0,16.0,13.0,31.0
72,13.0,15.0,1.0,16.0,14.0,31.0
73,16.0,14.0,1.0,14.0,16.0,31.0
74,14.0,16.0,1.0,16.0,14.0,31.0
75,14.0,14.0,1.0,16.0,15.0,31.0
76,14.0,16.0,1.0,16.0,13.0,31.0
77,13.0,14.0,1.0,16.0,15.0,31.0
78,15.0,16.0,1.0,15.0,13.0,31.0
79,14.0,16.0,1.0,16.0,14.0,31.0
80,16.0,15.0,1.0,14.0,14.0,31.0
81,14.0,14.0,1.0,16.0,16.0,31.0
82,14.0,16.0,1.0,16.0,13.0,31.0
83,14.0,14.0,1.0,16.0,15.0,31.0
84,13.0,15.0,1.0,16.0,14.0,31.0
85,13.0,15.0,1.0,16.0,14.0,31.0
86,13.0,14.0,1.0,17.0,15.0,31.0
87,14.0,14.0,1.0,16.0,16.0,31.0
88,17.0,15.0,1.0,13.0,14.0,31.0
89,14.0,14.0,1.0,15.0,16.0,31.0
90,14.0,16.0,1.0,16.0,14.0,31.0
91,15.0,13.0,1.0,14.0,16.0,31.0
92,14.0,16.0,1.0,16.0,14.0,31.0
93,13.0,15.0,1.0,16.0,14.0,31.0
94,14.0,16.0,1.0,15.0,13.0,31.0
95,14.0,16.0,1.0,16.0,14.0,31.0
96,13.0,14.0,1.0,16.0,15.0,31.0
97,14.0,13.0,1.0,16.0,17.0,31.0
98,14.0,16.0,1.0,16.0,14.0,31.0
99,14.0,16.0,1.0,16.0,13.0,31.0
100,14.0,14.0,1.0,16.0,15.0,31.0
101,14.0,16.0,1.0,16.0,14.0,31.0
102,13.0,16.0,1.0,16.0,13.0,31.0
103,14.0,14.0,1.0,16.0,15.0,31.0
104,14.0,16.0,1.0,16.0,14.0,31.0
105,14.0,16.0,1.0,15.0,13.0,31.0
106,13.0,14.0,1.0,17.0,15.0,31.0
107,14.0,16.0,1.0,15.0,13.0,31.0
108,13.0,15.0,1.0,16.0,13.0,31.0
109,14.0,16.0,1.0,16.0,14.0,31.0
110,14.0,14.0,1.0,16.0,15.0,31.0
111,14.0,14.0,1.0,15.0,16.0,31.0
112,14.0,16.0,1.0,16.0,14.0,31.0
113,14.0,16.0,1.0,16.0,14.0,31.0
114,14.0,14.0,1.0,16.0,15.0,31.0
115,14.0,16.0,1.0,16.0,14.0,31.0
116,13.0,15.0,1.0,16.0,14.0,31.0
117,14.0,16.0,1.0,16.0,13.0,31.0
118,13.0,14.0,1.0,16.0,16.0,31.0
119,14.0,16.0,1.0,16.0,14.0,31.0
120,16.0,15.0,1.0,13.0,14.0,31.0
121,14.0,16.0,1.0,16.0,14.0,31.0
122,14.0,14.0,1.0,16.0,15.0,31.0
123,14.0,14.0,1.0,16.0,15.0,31.0
124,14.0,16.0,1.0,16.0,14.0,31.0
125,13.0,14.0,1.0,16.0,16.0,31.0
126,14.0,14.0,1.0,15.0,16.0,31.0
127,14.0,16.0,1.0,16.0,13.0,31.0
128,13.0,15.0,1.0,16.0,13.0,31.0
129,14.0,13.0,1.0,16.0,16.0,31.0
130,14.0,14.0,1.0,15.0,16.0,31.0
131,13.0,15.0,1.0,16.0,14.0,31.0
132,13.0,15.0,1.0,16.0,13.0,31.0
133,14.0,14.0,1.0,16.0,15.0,31.0
134,13.0,14.0,1.0,16.0,15.0,31.0
135,13.0,15.0,1.0,16.0,13.0,31.0
136,14.0,16.0,1.0,16.0,14.0,31.0
137,14.0,14.0,1.0,16.0,15.0,31.0
138,14.0,14.0,1.0,16.0,15.0,31.0
139,13.0,15.0,1.0,16.0,14.0,31.0
140,14.0,16.0,1.0,16.0,14.0,31.0
141,14.0,14.0,1.0,15.0,16.0,31.0
142,14.0,16.0,1.0,16.0,14.0,31.0
143,15.0,13.0,1.0,14.0,16.0,31.0
144,15.0,16.0,1.0,14.0,14.0,31.0
145,14.0,14.0,1.0,15.0,16.0,31.0
146,14.0,16.0,1.0,15.0,13.0,31.0
147,13.0,15.0,1.0,17.0,14.0,31.0
148,14.0,16.0,1.0,15.0,13.0,31.0
149,13.0,15.0,1.0,16.0,14.0,31.0
150,14.0,16.0,1.0,16.0,14.0,31.0
151,15.0,16.0,1.0,14.0,13.0,31.0
152,13.0,15.0,1.0,16.0,14.0,31.0
153,14.0,16.0,1.0,16.0,14.0,31.0
154,13.0,15.0,1.0,16.0,14.0,31.0
155,13.0,15.0,1.0,16.0,14.0,31.0
156,13.0,15.0,1.0,16.0,14.0,31.0
157,13.0,15.0,1.0,16.0,14.0,31.0
158,14.0,16.0,1.0,16.0,14.0,31.0
159,14.0,14.0,1.0,16.0,15.0,31.0
160,13.0,15.0,1.0,16.0,14.0,31.0
161,14.0,14.0,1.0,16.0,15.0,31.0
162,14.0,14.0,1.0,16.0,15.0,31.0
163,13.0,14.0,1.0,16.0,16.0,31.0
164,13.0,14.0,1.0,16.0,15.0,31.0
165,16.0,14.0,1.0,15.0,16.0,31.0
166,13.0,14.0,1.0,16.0,16.0,31.0
167,14.0,13.0,1.0,15.0,17.0,31.0
168,16.0,15.0,1.0,14.0,14.0,31.0
169,14.0,14.0,1.0,15.0,16.0,31.0
170,13.0,15.0,1.0,16.0,13.0,31.0
171,14.0,16.0,1.0,16.0,14.0,31.0
172,13.0,15.0,1.0,16.0,14.0,31.0
173,16.0,15.0,1.0,13.0,14.0,31.0
174,14.0,16.0,1.0,16.0,14.0,31.0
175,14.0,14.0,1.0,16.0,15.0,31.0
176,14.0,14.0,1.0,15.0,16.0,31.0
177,16.0,14.0,1.0,14.0,15.0,31.0
178,14.0,16.0,1.0,16.0,14.0,31.0
179,14.0,16.0,1.0,16.0,14.0,31.0
180,13.0,15.0,1.0,16.0,14.0,31.0
181,13.0,16.0,1.0,17.0,14.0,31.0
182,14.0,16.0,1.0,16.0,14.0,31.0
183,14.0,16.0,1.0,16.0,14.0,31.0
184,14.0,16.0,1.0,16.0,14.0,31.0
185,16.0,14.0,1.0,14.0,16.0,31.0
186,14.0,16.0,1.0,16.0,14.0,31.0
187,13.0,15.0,1.0,16.0,13.0,31.0
188,14.0,14.0,1.0,15.0,16.0,31.0
189,14.0,16.0,1.0,15.0,13.0,31.0
190,16.0,14.0,1.0,14.0,16.0,31.0
191,13.0,15.0,1.0,16.0,14.0,31.0
192,14.0,16.0,1.0,16.0,14.0,31.0
193,13.0,14.0,1.0,16.0,16.0,31.0
194,14.0,14.0,1.0,16.0,15.0,31.0
195,13.0,14.0,1.0,17.0,15.0,31.0
196,13.0,14.0,1.0,16.0,15.0,31.0
197,14.0,14.0,1.0,16.0,15.0,31.0
198,14.0,13.0,1.0,15.0,17.0,31.0
199,14.0,16.0,1.0,16.0,14.0,31.0
200,14.0,14.0,1.0,16.0,15.0,31.0
201,13.0,15.0,1.0,16.0,13.0,31.0
202,13.0,15.0,1.0,16.0,14.0,31.0
203,13.0,15.0,1.0,16.0,14.0,31.0
204,14.0,13.0,1.0,16.0,16.0,31.0
205,13.0,16.0,1.0,16.0,13.0,31.0
206,14.0,14.0,1.0,16.0,15.0,31.0
207,14.0,16.0,1.0,16.0,14.0,31.0
208,13.0,14.0,1.0,16.0,16.0,31.0
209,13.0,14.0,1.0,16.0,16.0,31.0
210,14.0,16.0,1.0,16.0,14.0,31.0
211,14.0,16.0,1.0,16.0,14.0,31.0
212,13.0,14.0,1.0,16.0,15.0,31.0
213,15.0,16.0,1.0,14.0,13.0,31.0
214,13.0,14.0,1.0,16.0,16.0,31.0
215,13.0,15.0,1.0,16.0,14.0,31.0
216,14.0,14.0,1.0,15.0,16.0,31.0
217,14.0,16.0,1.0,15.0,13.0,31.0
218,14.0,16.0,1.0,16.0,14.0,31.0
219,13.0,15.0,1.0,16.0,14.0,31.0
220,14.0,13.0,1.0,15.0,17.0,31.0
221,14.0,16.0,1.0,16.0,14.0,31.0
222,13.0,14.0,1.0,16.0,15.0,31.0
223,13.0,14.0,1.0,16.0,15.0,31.0
224,13.0,15.0,1.0,16.0,13.0,31.0
225,13.0,15.0,1.0,16.0,14.0,31.0
226,13.0,14.0,1.0,16.0,15.0,31.0
227,14.0,16.0,1.0,16.0,14.0,31.0
228,14.0,16.0,1.0,16.0,14.0,31.0
229,14.0,16.0,1.0,16.0,14.0,31.0
230,13.0,15.0,1.0,16.0,14.0,31.0
231,13.0,13.0,1.0,15.0,17.0,31.0
232,13.0,14.0,1.0,16.0,15.0,31.0
233,13.0,15.0,1.0,16.0,14.0,31.0
234,14.0,14.0,1.0,15.0,16.0,31.0
235,13.0,14.0,1.0,16.0,15.0,31.0
236,13.0,14.0,1.0,16.0,15.0,31.0
237,14.0,16.0,1.0,16.0,13.0,31.0
238,14.0,16.0,1.0,16.0,14.0,31.0
239,13.0,14.0,1.0,16.0,16.0,31.0
240,13.0,14.0,1.0,16.0,15.0,31.0
241,14.0,16.0,1.0,16.0,14.0,31.0
242,13.0,15.0,1.0,16.0,14.0,31.0
243,13.0,15.0,1.0,16.0,14.0,31.0
244,13.0,14.0,1.0,16.0,15.0,31.0
245,13.0,15.0,1.0,16.0,14.0,31.0
246,13.0,14.0,1.0,16.0,16.0,31.0
247,16.0,14.0,1.0,14.0,16.0,31.0
248,14.0,16.0,1.0,16.0,14.0,31.0
249,13.0,15.0,1.0,16.0,14.0,31.0
250,14.0,13.0,1.0,16.0,16.0,31.0
251,14.0,16.0,1.0,16.0,14.0,31.0
252,14.0,14.0,1.0,15.0,16.0,31.0
253,13.0,14.0,1.0,16.0,16.0,31.0
254,14.0,16.0,1.0,16.0,14.0,31.0
255,13.0,14.0,1.0,16.0,15.0,31.0
256,14.0,14.0,1.0,16.0,15.0,31.0
257,14.0,16.0,1.0,16.0,14.0,31.0
258,13.0,14.0,1.0,16.0,16.0,31.0
259,14.0,14.0,1.0,16.0,15.0,31.0
260,14.0,14.0,1.0,15.0,16.0,31.0
261,14.0,16.0,1.0,16.0,14.0,31.0
262,14.0,14.0,1.0,16.0,15.0,31.0
263,13.0,14.0,1.0,16.0,15.0,31.0
264,14.0,14.0,1.0,16.0,15.0,31.0
265,13.0,14.0,1.0,17.0,15.0,31.0
266,14.0,16.0,1.0,15.0,13.0,31.0
267,14.0,14.0,1.0,16.0,15.0,31.0
268,14.0,16.0,1.0,15.0,13.0,31.0
269,14.0,14.0,1.0,16.0,15.0,31.0
270,16.0,14.0,1.0,14.0,16.0,31.0
271,14.0,16.0,1.0,16.0,14.0,31.0
272,14.0,16.0,1.0,16.0,14.0,31.0
273,14.0,14.0,1.0,16.0,15.0,31.0
274,13.0,14.0,1.0,16.0,15.0,31.0
275,13.0,15.0,1.0,16.0,14.0,31.0
276,14.0,14.0,1.0,16.0,15.0,31.0
277,14.0,14.0,1.0,16.0,15.0,31.0
278,13.0,14.0,1.0,16.0,15.0,31.0
279,14.0,16.0,1.0,16.0,14.0,31.0
280,13.0,14.0,1.0,16.0,15.0,31.0
281,13.0,14.0,1.0,16.0,15.0,31.0
282,14.0,14.0,1.0,16.0,15.0,31.0
283,13.0,14.0,1.0,16.0,15.0,31.0
284,13.0,14.0,1.0,16.0,16.0,31.0
285,13.0,15.0,1.0,16.0,14.0,31.0
286,14.0,14.0,1.0,15.0,16.0,31.0
287,16.0,14.0,1.0,14.0,16.0,31.0
288,14.0,16.0,1.0,16.0,14.0,31.0
289,14.0,16.0,1.0,16.0,14.0,31.0
290,13.0,14.0,1.0,16.0,16.0,31.0
291,14.0,16.0,1.0,16.0,14.0,31.0
292,13.0,14.0,1.0,16.0,15.0,31.0
293,14.0,14.0,1.0,16.0,15.0,31.0
294,13.0,15.0,1.0,16.0,14.0,31.0
295,14.0,14.0,1.0,16.0,15.0,31.0
296,14.0,16.0,1.0,16.0,14.0,31.0
297,14.0,16.0,1.0,16.0,14.0,31.0
298,14.0,14.0,1.0,16.0,15.0,31.0
299,14.0,16.0,1.0,16.0,14.0,31.0
300,13.0,15.0,1.0,16.0,13.0,31.0
301,13.0,15.0,1.0,16.0,13.0,31.0
302,13.0,14.0,1.0,16.0,15.0,31.0
303,13.0,14.0,1.0,16.0,15.0,31.0
304,13.0,14.0,1.0,16.0,15.0,31.0
305,13.0,15.0,1.0,16.0,14.0,31.0
306,14.0,14.0,1.0,16.0,15.0,31.0
307,13.0,14.0,1.0,16.0,16.0,31.0
308,14.0,14.0,1.0,16.0,15.0,31.0
309,16.0,15.0,1.0,13.0,14.0,31.0
310,13.0,14.0,1.0,16.0,15.0,31.0
311,14.0,14.0,1.0,16.0,15.0,31.0
312,14.0,16.0,1.0,16.0,14.0,31.0
313,14.0,14.0,1.0,16.0,15.0,31.0
314,14.0,16.0,1.0,15.0,13.0,31.0
315,14.0,16.0,1.0,16.0,14.0,31.0
316,14.0,16.0,1.0,16.0,13.0,31.0
317,13.0,15.0,1.0,16.0,14.0,31.0
318,14.0,14.0,1.0,15.0,16.0,31.0
319,14.0,14.0,1.0,16.0,15.0,31.0
320,14.0,14.0,1.0,16.0,15.0,31.0
321,14.0,13.0,1.0,16.0,16.0,31.0
322,13.0,15.0,1.0,16.0,13.0,31.0
323,16.0,14.0,1.0,14.0,16.0,31.0
324,13.0,15.0,1.0,16.0,14.0,31.0
325,13.0,15.0,1.0,16.0,14.0,31.0
326,14.0,14.0,1.0,15.0,16.0,31.0
327,14.0,14.0,1.0,16.0,15.0,31.0
328,13.0,15.0,1.0,16.0,14.0,31.0
329,16.0,14.0,1.0,14.0,16.0,31.0
330,14.0,16.0,1.0,16.0,14.0,31.0
331,13.0,14.0,1.0,16.0,15.0,31.0
332,14.0,14.0,1.0,16.0,15.0,31.0
333,14.0,16.0,1.0,15.0,13.0,31.0
334,13.0,14.0,1.0,16.0,15.0,31.0
335,13.0,14.0,1.0,16.0,15.0,31.0
336,13.0,15.0,1.0,16.0,14.0,31.0
337,14.0,14.0,1.0,16.0,15.0,31.0
338,13.0,15.0,1.0,16.0,14.0,31.0
339,13.0,14.0,1.0,16.0,16.0,31.0
340,13.0,14.0,1.0,16.0,15.0,31.0
341,13.0,14.0,1.0,16.0,15.0,31.0
342,14.0,16.0,1.0,16.0,14.0,31.0
343,13.0,14.0,1.0,16.0,16.0,31.0
344,14.0,13.0,1.0,16.0,16.0,31.0
345,14.0,16.0,1.0,16.0,14.0,31.0
346,14.0,16.0,1.0,15.0,13.0,31.0
347,14.0,14.0,1.0,16.0,15.0,31.0
348,14.0,16.0,1.0,16.0,14.0,31.0
349,14.0,16.0,1.0,16.0,14.0,31.0
350,14.0,14.0,1.0,16.0,15.0,31.0
351,13.0,15.0,1.0,17.0,14.0,31.0
352,13.0,14.0,1.0,16.0,15.0,31.0
353,13.0,14.0,1.0,16.0,15.0,31.0
354,13.0,14.0,1.0,16.0,15.0,31.0
355,14.0,16.0,1.0,16.0,14.0,31.0
356,14.0,14.0,1.0,16.0,15.0,31.0
357,14.0,14.0,1.0,16.0,15.0,31.0
358,14.0,14.0,1.0,16.0,15.0,31.0
359,13.0,14.0,1.0,16.0,15.0,31.0
360,13.0,14.0,1.0,16.0,15.0,31.0
361,14.0,16.0,1.0,16.0,14.0,31.0
362,14.0,16.0,1.0,16.0,14.0,31.0
363,14.0,16.0,1.0,16.0,14.0,31.0
364,13.0,13.0,1.0,16.0,17.0,31.0
365,13.0,15.0,1.0,16.0,14.0,31.0
366,14.0,16.0,1.0,15.0,13.0,31.0
367,13.0,14.0,1.0,16.0,15.0,31.0
368,13.0,15.0,1.0,16.0,14.0,31.0
369,13.0,15.0,1.0,16.0,14.0,31.0
370,14.0,16.0,1.0,16.0,14.0,31.0
371,13.0,14.0,1.0,16.0,16.0,31.0
372,13.0,15.0,1.0,16.0,13.0,31.0
373,14.0,14.0,1.0,15.0,16.0,31.0
374,13.0,15.0,1.0,16.0,14.0,31.0
375,14.0,14.0,1.0,16.0,15.0,31.0
376,14.0,14.0,1.0,16.0,15.0,31.0
377,14.0,16.0,1.0,16.0,14.0,31.0
378,13.0,14.0,1.0,16.0,16.0,31.0
379,13.0,14.0,1.0,16.0,16.0,31.0
380,13.0,14.0,1.0,16.0,16.0,31.0
381,13.0,14.0,1.0,16.0,15.0,31.0
382,13.0,14.0,1.0,16.0,16.0,31.0
383,14.0,14.0,1.0,16.0,15.0,31.0
384,13.0,15.0,1.0,16.0,14.0,31.0
385,14.0,16.0,1.0,16.0,14.0,31.0
386,13.0,14.0,1.0,16.0,15.0,31.0
387,14.0,14.0,1.0,16.0,15.0,31.0
388,14.0,14.0,1.0,16.0,15.0,31.0
389,13.0,14.0,1.0,16.0,15.0,31.0
390,16.0,15.0,1.0,13.0,14.0,31.0
391,13.0,14.0,1.0,16.0,16.0,31.0
392,13.0,15.0,1.0,16.0,14.0,31.0
393,13.0,15.0,1.0,16.0,14.0,31.0
394,14.0,14.0,1.0,16.0,15.0,31.0
395,14.0,14.0,1.0,16.0,15.0,31.0
396,13.0,15.0,1.0,16.0,14.0,31.0
397,14.0,16.0,1.0,16.0,14.0,31.0
398,14.0,14.0,1.0,16.0,15.0,31.0
399,13.0,15.0,1.0,16.0,14.0,31.0
400,13.0,14.0,1.0,16.0,15.0,31.0
401,14.0,16.0,1.0,16.0,14.0,31.0
402,13.0,14.0,1.0,16.0,15.0,31.0
403,13.0,15.0,1.0,16.0,14.0,31.0
404,13.0,14.0,1.0,16.0,15.0,31.0
405,14.0,16.0,1.0,15.0,13.0,31.0
406,16.0,15.0,1.0,13.0,14.0,31.0
407,13.0,14.0,1.0,16.0,15.0,31.0
408,13.0,14.0,1.0,16.0,15.0,31.0
409,13.0,16.0,1.0,17.0,14.0,31.0
410,13.0,15.0,1.0,16.0,14.0,31.0
411,13.0,14.0,1.0,16.0,15.0,31.0
412,14.0,14.0,1.0,16.0,15.0,31.0
413,13.0,14.0,1.0,16.0,15.0,31.0
414,13.0,14.0,1.0,16.0,15.0,31.0
415,13.0,14.0,1.0,16.0,15.0,31.0
416,13.0,15.0,1.0,16.0,14.0,31.0
417,13.0,15.0,1.0,16.0,14.0,31.0
418,13.0,14.0,1.0,16.0,16.0,31.0
419,13.0,14.0,1.0,16.0,16.0,31.0
420,13.0,15.0,1.0,16.0,14.0,31.0
421,14.0,14.0,1.0,15.0,16.0,31.0
422,14.0,14.0,1.0,16.0,15.0,31.0
423,14.0,14.0,1.0,15.0,16.0,31.0
424,14.0,14.0,1.0,16.0,15.0,31.0
425,13.0,14.0,1.0,16.0,16.0,31.0
426,14.0,16.0,1.0,16.0,14.0,31.0
427,13.0,14.0,1.0,16.0,15.0,31.0
428,13.0,14.0,1.0,16.0,16.0,31.0
429,13.0,14.0,1.0,16.0,15.0,31.0
430,13.0,14.0,1.0,16.0,16.0,31.0
431,13.0,14.0,1.0,17.0,15.0,31.0
432,14.0,14.0,1.0,15.0,16.0,31.0
433,14.0,14.0,1.0,16.0,15.0,31.0
434,13.0,14.0,1.0,16.0,16.0,31.0
435,14.0,14.0,1.0,16.0,15.0,31.0
436,13.0,14.0,1.0,16.0,16.0,31.0
437,13.0,14.0,1.0,16.0,16.0,31.0
438,14.0,16.0,1.0,16.0,14.0,31.0
439,13.0,14.0,1.0,16.0,15.0,31.0
440,13.0,14.0,1.0,16.0,16.0,31.0
441,13.0,14.0,1.0,16.0,15.0,31.0
442,13.0,14.0,1.0,16.0,15.0,31.0
443,13.0,14.0,1.0,16.0,15.0,31.0
444,14.0,14.0,1.0,16.0,15.0,31.0
445,13.0,14.0,1.0,16.0,16.0,31.0
446,13.0,14.0,1.0,16.0,15.0,31.0
447,13.0,14.0,1.0,16.0,15.0,31.0
448,14.0,14.0,1.0,16.0,15.0,31.0
449,13.0,14.0,1.0,16.0,15.0,31.0
450,13.0,15.0,1.0,16.0,14.0,31.0
451,14.0,14.0,1.0,16.0,15.0,31.0
452,13.0,14.0,1.0,16.0,16.0,31.0
453,13.0,15.0,1.0,16.0,14.0,31.0
454,14.0,16.0,1.0,15.0,13.0,31.0
455,13.0,15.0,1.0,16.0,14.0,31.0
456,13.0,14.0,1.0,16.0,15.0,31.0
457,16.0,14.0,1.0,14.0,16.0,31.0
458,14.0,14.0,1.0,16.0,15.0,31.0
459,13.0,14.0,1.0,16.0,16.0,31.0
460,13.0,14.0,1.0,16.0,16.0,31.0
461,14.0,14.0,1.0,16.0,15.0,31.0
462,13.0,14.0,1.0,16.0,16.0,31.0
463,14.0,14.0,1.0,16.0,15.0,31.0
464,13.0,14.0,1.0,16.0,16.0,31.0
465,13.0,14.0,1.0,16.0,16.0,31.0
466,14.0,14.0,1.0,16.0,15.0,31.0
467,13.0,15.0,1.0,16.0,14.0,31.0
468,13.0,14.0,1.0,16.0,16.0,31.0
469,14.0,16.0,1.0,16.0,14.0,31.0
470,13.0,15.0,1.0,16.0,14.0,31.0
471,14.0,16.0,1.0,16.0,14.0,31.0
472,13.0,14.0,1.0,16.0,16.0,31.0
473,13.0,14.0,1.0,16.0,15.0,31.0
474,13.0,14.0,1.0,16.0,16.0,31.0
475,13.0,14.0,1.0,16.0,16.0,31.0
476,13.0,14.0,1.0,16.0,15.0,31.0
477,13.0,14.0,1.0,16.0,16.0,31.0
478,13.0,14.0,1.0,16.0,15.0,31.0
479,13.0,14.0,1.0,16.0,15.0,31.0
480,13.0,15.0,1.0,16.0,14.0,31.0
481,13.0,14.0,1.0,17.0,15.0,31.0
482,13.0,13.0,1.0,16.0,16.0,31.0
483,13.0,15.0,1.0,16.0,14.0,31.0
484,13.0,15.0,1.0,16.0,14.0,31.0
485,13.0,14.0,1.0,16.0,15.0,31.0
486,13.0,14.0,1.0,16.0,16.0,31.0
487,13.0,14.0,1.0,16.0,15.0,31.0
488,13.0,14.0,1.0,16.0,16.0,31.0
489,13.0,14.0,1.0,16.0,16.0,31.0
490,13.0,14.0,1.0,16.0,16.0,31.0
491,13.0,14.0,1.0,16.0,16.0,31.0
492,13.0,14.0,1.0,16.0,15.0,31.0
493,13.0,14.0,1.0,16.0,15.0,31.0
494,13.0,14.0,1.0,16.0,15.0,31.0
495,13.0,15.0,1.0,16.0,14.0,31.0
496,13.0,14.0,1.0,16.0,15.0,31.0
497,13.0,14.0,1.0,16.0,15.0,31.0
498,14.0,16.0,1.0,16.0,14.0,31.0
499,14.0,16.0,1.0,16.0,14.0,31.0
500,13.0,14.0,1.0,16.0,15.0,31.0
